BRAND_ID,BRAND_NAME,HOLDING_COMPANY_ID,HOLDING_COMPANY_NAME
24600,Chateau De La Chaize,1681,Palm Bay International
24591,Killka,1681,Palm Bay International
23880,Arcanum,1296,Jackson Family Wines
23862,Stag Beer,1024,Pabst
23736,Black Point,729,Trinchero
2028,Stella Artois,100,AB InBev
2055,Sutter Home,729,Trinchero
2073,Taittinger,2304,Kobrand
2163,Tiefenbrunner,1225,The Winebow Group
2280,14 Hands,1521,Ste. Michelle Wine Estates
2289,42 Below,225,Bacardi
2298,Acacia,676,Treasury Wines
2352,Amarula,3364,Terlato Wines
2370,Angel's Envy,225,Bacardi
2397,Argiano,169,E&J Gallo
2424,Averna,144,Campari
2433,B.R. Cohn,5929,Vintage Wine Estates
2451,Banrock Station,196,Accolade
2577,Lone Star,1024,Pabst
2613,Nantucket Nectars,900,DPSG
2640,Maker's Mark,16,Beam Suntory
2658,Monkey Shoulder,784,William Grant
2676,KRIS,1225,The Winebow Group
2748,Layer Cake,324,Deutsch Family
2775,Liberty Creek,169,E&J Gallo
2856,Marques De Riscal,2401,Shaw-Ross Importers
2874,Mastroberardino,1225,The Winebow Group
2901,Michele Chiarlo,2304,Kobrand
2910,Miraval,4225,Vineyard Brands
2919,Robert Mondavi Winery,25,Constellation Brands
2973,Barefoot,169,E&J Gallo
3018,Brancott Estate,1,Pernod Ricard
3090,Warre's,4225,Vineyard Brands
2199,Trimbach,1681,Palm Bay International
3162,Ron Zacapa,81,Diageo
3459,Clean Slate,1225,The Winebow Group
3468,Clos de los Siete,324,Deutsch Family
3477,Cloudy Bay,9,Moet Hennessy
3486,Cointreau,4,Remy Cointreau
3567,Cynar,144,Campari
3621,Di Majo Norante,1225,The Winebow Group
3702,Don Julio,81,Diageo
3297,Bodegas Catena Zapata,1225,The Winebow Group
2991,Bolla,8464,Frederick Wildman
3900,Fresca,1089,Coca-Cola
3927,Gekkeikan,2401,Shaw-Ross Importers
3945,Glass Mountain,3364,Terlato Wines
3963,Goose Bay,7921,Royal Wine Corp.
3999,New Holland,1024,Pabst
4044,Old Grand-Dad,16,Beam Suntory
4098,Paul Masson,25,Constellation Brands
4116,Peroni,484,MillerCoors
4161,Piper Heidsieck,3364,Terlato Wines
4206,Presidente Beer,100,AB InBev
4269,Redbridge,100,AB InBev
4377,Salmon Creek,3721,Bronco Wine Company
4494,SKYY,144,Campari
4530,Chateau Souverain,169,E&J Gallo
4566,Irony,1600,Delicato Family Vineyards
4575,Guinness,81,Diageo
4629,House Wine,4356,Precept Wine
4674,Jameson,1,Pernod Ricard
4692,Johnnie Walker,81,Diageo
4755,Ron Botran,2401,Shaw-Ross Importers
4809,Gran Centenario,576,Proximo
4818,Redhook,100,AB InBev
4827,Or G,1681,Palm Bay International
4836,Piedra Azul,49,Sazerac
4854,Pisco Capel,2401,Shaw-Ross Importers
4908,Zaya,3844,Infinium
4944,Pertinace,5776,Mionetto
5133,Duval-Leroy,3364,Terlato Wines
5160,Chokaisan,1225,The Winebow Group
5232,Cluny,7921,Royal Wine Corp.
5295,Speyburn,49,Sazerac
5385,White Horse,81,Diageo
5412,Monte Alban,49,Sazerac
5511,Ponche Kuba,4,Remy Cointreau
5592,Stones,256,Banfi
24618,Conte Brandolini,1681,Palm Bay International
5664,Carmen,729,Trinchero
5799,Angove,729,Trinchero
5853,Johnny Appleseed,100,AB InBev
5871,Eleanor,1369,Francis Ford Coppola
5997,Mouton Cadet,25,Constellation Brands
6069,Chateau Timberlay,3364,Terlato Wines
6123,Kedem,7921,Royal Wine Corp.
6366,Yuki No Bosha,2304,Kobrand
6483,Larceny,400,Heaven Hill
6726,Kracher,3364,Terlato Wines
6879,Medici Ermete,2304,Kobrand
6978,Copa de Oro,400,Heaven Hill
7167,Madria Sangria,169,E&J Gallo
7221,Ceretto,1225,The Winebow Group
7266,Clifford Bay,4900,Foley Family Wines
7284,Louis M. Martini,169,E&J Gallo
7446,Elysian,100,AB InBev
7500,Honest Ade,1089,Coca-Cola
7545,Hewitt,676,Treasury Wines
7590,Four Sisters,4900,Foley Family Wines
7599,Luke Donald,3364,Terlato Wines
7680,Estrella River,3721,Bronco Wine Company
7779,EOS,4900,Foley Family Wines
7959,Brady's,1,Pernod Ricard
8085,Taken Wine,729,Trinchero
8103,Stacy's,2916,PepsiCo
8112,Planters,3249,Kraft Heinz
8265,Waitsburg Cellars,4356,Precept Wine
8274,Petri,1936,Prestige Beverage Group
8292,Don & Sons,5041,Don Sebastiani & Sons
8409,Villa Pozzi,324,Deutsch Family
8418,Capri,25,Constellation Brands
8427,J Roget,25,Constellation Brands
8463,Heritance,1681,Palm Bay International
8634,Lot 40,1,Pernod Ricard
8643,X-Rated,144,Campari
8661,Cocobon,625,The Wine Group
8688,Fuki,49,Sazerac
8697,The Knot,784,William Grant
8724,Rich & Rare,49,Sazerac
8733,Fleischmann's,49,Sazerac
8922,Segal's,7921,Royal Wine Corp.
8994,Librandi,1225,The Winebow Group
9147,Pikesville Supreme,400,Heaven Hill
9183,Szigeti,1225,The Winebow Group
9219,Maculan,1225,The Winebow Group
9291,Black & White,81,Diageo
9318,Andre Brunel,6241,Folio Wine
9363,Chateau De Bligny,2401,Shaw-Ross Importers
9399,Chikurin Junmai,2304,Kobrand
9444,Dashwood,4900,Foley Family Wines
9453,Delaporte,4225,Vineyard Brands
9480,Duck Commander,729,Trinchero
6609,Silvertop,1936,Prestige Beverage Group
9507,Filus,3721,Bronco Wine Company
9588,Angulo Innocenti,4225,Vineyard Brands
9624,Kuleto,4900,Foley Family Wines
9660,Little Boomey,729,Trinchero
9669,The Lucky Country,3364,Terlato Wines
9957,Waipara Hills,196,Accolade
9966,Wild Vines,169,E&J Gallo
10254,Copperidge,169,E&J Gallo
10263,Douglass Hill,3721,Bronco Wine Company
10281,The Glenlivet,1,Pernod Ricard
10344,Studebaker,81,Diageo
10353,Tua Rita Wine,1225,The Winebow Group
10380,Hangtime,6241,Folio Wine
10515,Wind Racer,1296,Jackson Family Wines
10569,Bodega Chacra,2304,Kobrand
10641,Tijuana,49,Sazerac
10713,Principato,1681,Palm Bay International
10722,The Glenrothes,36,Edrington
9858,Sol Rio,729,Trinchero
11091,Henry's Hard Soda,484,MillerCoors
11145,Cocoribe,16,Beam Suntory
11550,Baron Samedi,144,Campari
11739,Storypoint,169,E&J Gallo
11838,Port Dundas,81,Diageo
12036,Hatuey,225,Bacardi
12306,Z Alexander Brown,1600,Delicato Family Vineyards
12315,Fleur De Mer,169,E&J Gallo
12342,PKNT,3721,Bronco Wine Company
12549,Cutwater Spirits,100,AB InBev
12801,Vina Tarapaca,1225,The Winebow Group
12819,Lays,2916,PepsiCo
13071,Venom,900,DPSG
13125,7 Moons,25,Constellation Brands
13656,Triguedina,4225,Vineyard Brands
11262,Hammermill,1936,Prestige Beverage Group
12432,Paisley & Sage,1936,Prestige Beverage Group
12522,Flannery's,1936,Prestige Beverage Group
14520,Magic Door,8100,Latitude Beverage Co.
14664,Glen Deveron,225,Bacardi
14673,Birra del Borgo,100,AB InBev
14808,Tollot Beaut,1225,The Winebow Group
14853,Mezcal Union,81,Diageo
10983,Ranch 91,729,Trinchero
15285,Aloe Gloe,1089,Coca-Cola
15321,Domaine Ferret,2304,Kobrand
15474,Conde Villar,1225,The Winebow Group
15645,Vernors,900,DPSG
15654,Cold Spell,400,Heaven Hill
15816,Kingston,1936,Prestige Beverage Group
16221,Hazlitt,1681,Palm Bay International
16266,Apex,4356,Precept Wine
17004,Jamieson Ranch,6724,WX Brands
17553,McAdams,1936,Prestige Beverage Group
17571,Villa Mt Eden,1521,Ste. Michelle Wine Estates
17580,Rochioli,3364,Terlato Wines
17859,Ross Andrew Winery,4356,Precept Wine
18255,Drumheller,1521,Ste. Michelle Wine Estates
14988,Tenpenny,1936,Prestige Beverage Group
18273,Erasmo,1681,Palm Bay International
18282,Portia,1681,Palm Bay International
18291,Broke Ass,1936,Prestige Beverage Group
18300,Makulu,1936,Prestige Beverage Group
18309,Verasi,1936,Prestige Beverage Group
18318,Don Olegario,2304,Kobrand
18336,Albertoni,3721,Bronco Wine Company
18354,Lancaster Estate,4900,Foley Family Wines
18480,Seagram's Soda,1089,Coca-Cola
17940,Riazuleno,3364,Terlato Wines
17472,Chateau Duhart-Milon,1681,Palm Bay International
19083,Alta Palla,100,AB InBev
15123,Lolea,9801,Zamora
18021,Mar de Frades,9801,Zamora
18327,Amelia,169,E&J Gallo
20775,Robert Mondavi Private Selection,25,Constellation Brands
20829,Victoria Bitter,100,AB InBev
20847,Legent,16,Beam Suntory
18975,Chateau Hosanna,1681,Palm Bay International
23079,Tio Rodrigo,9025,SLO Brewing Co.
2037,Stirrings,49,Sazerac
5718,The Club,49,Sazerac
9057,Terrapin Beer Company,484,MillerCoors
12126,Tenuta Rapitala,8464,Frederick Wildman
12072,Wheatley,49,Sazerac
3918,Galliano,8649,Lucas Bols
18363,Urlo,25,Constellation Brands
20388,Auros,25,Constellation Brands
23547,It’s A Head Snapper,625,The Wine Group
23556,Plume & Petal,225,Bacardi
9390,Chateau Beaulieu,6241,Folio Wine
18660,Very Old Barton,49,Sazerac
23574,Nielson,1296,Jackson Family Wines
2703,Luigi Bosca,8464,Frederick Wildman
3954,Gloria Ferrer,5776,Mionetto
19911,Los Vecinos Del Campo,49,Sazerac
23448,Westward,81,Diageo
23682,WindVane,5776,Mionetto
11604,Ca Maiol,3600,Santa Margherita